{
  "asv": "ASVPROMETHEUSFINANCIALCOREINTERNAL",
  "stack": {
    "name": "ephemeralClusterPOC"
  },
  "tags": {
    "BA": "ASVPROMETHEUSFINANCIALCOREINTERNAL",
    "Component": "ephemeralClusterPOC",
    "Environment": "prod"
  },
  "lambda": {
    "timeout": 60,
    "memorySize": 256,
    "iamRoleArn": "arn:aws:iam::875490958810:role/SelfDestructLambdaRole"
  },
  "eventbridge": {
    "ruleName": "self-destruct-prod",
    "scheduleExpression": "rate(10 minutes)"
  },
  "deployment-regions": [
    {
      "region": "us-east-1",
      "awsaccountid": "875490958810",
      "vpc": "vpc-0fe3d739279776168",
      "subnets": [
        "subnet-0ef8da99df8963cbd",
        "subnet-0ebff7f659ceb5dbd",
        "subnet-0a92347b038e186b8"
      ],
      "serviceSecurityGroups": [
        "sg-0341b83e8b431106c",
        "sg-0b74e4b54250148f5",
        "sg-05c2a1166a377f769",
        "sg-0a3a6203245a32d5f"
      ]
    },
    {
      "region": "us-east-2",
      "awsaccountid": "875490958810",
      "vpc": "vpc-0d61237da65ecf264",
      "subnets": [
        "subnet-020451d69d1deb2e5",
        "subnet-0083a988160d82053",
        "subnet-0222aecbcb45c0807"
      ],
      "serviceSecurityGroups": [
        "sg-0295f31993ace92b6",
        "sg-01e87e50e1654ef17",
        "sg-0b6e25aea0737ce0b",
        "sg-0c3d1041ff2d670f9"
      ]
    }
  ]
}