{
  "asv": "ASVPROMETHEUSFINANCIALCOREINTERNAL",
  "stack": {
    "name": "ephemeralClusterPOC"
  },
  "tags": {
    "BA": "ASVPROMETHEUSFINANCIALCOREINTERNAL",
    "Component": "ephemeralClusterPOC",
    "Environment": "qa"
  },
  "lambda": {
    "timeout": 60,
    "memorySize": 128,
    "iamRoleArn": "arn:aws:iam::875490958810:role/SelfDestructLambdaRole"
  },
  "eventbridge": {
    "ruleName": "self-destruct-qa",
    "scheduleExpression": "rate(10 minutes)"
  },
  "deployment-regions": [
    {
      "region": "us-east-1",
      "awsaccountid": "875490958810",
      "vpc": "vpc-0599cd21d3e7c1ab9",
      "subnets": [
        "subnet-0a6b335343a47a599",
        "subnet-00adb1562083db61a",
        "subnet-049fc29cb9d6fb20c"
      ],
      "serviceSecurityGroups": [
        "sg-0a0e950a745abfaf7",
        "sg-06e5f7b5549dce5c9",
        "sg-02067c3be3c2f624d",
        "sg-0a0d914f67eafaef4"
      ]
    },
    {
      "region": "us-east-2",
      "awsaccountid": "875490958810",
      "vpc": "vpc-06132965f78c0f7b0",
      "subnets": [
        "subnet-0d967f0b9bcd4e9fd",
        "subnet-003ad5e0dddb23ea1",
        "subnet-05d477c4284b8adcd"
      ],
      "serviceSecurityGroups": [
        "sg-011290670a9e2c036",
        "sg-0f9cb70bbb7e83f74",
        "sg-058a62279970ef6b7",
        "sg-00c837fdb368b7e45"
      ]
    }
  ]
}
