{
  "version": "44.0.0",
  "files": {
    "a4184f7b8eb2fc2378b4e4c430cfccf4681bf25b4b4cdc1dce725bfa9a43da10": {
      "displayName": "destroy-ephemeralClusterPOC-qa-us-east-2-Function/Code",
      "source": {
        "path": "asset.a4184f7b8eb2fc2378b4e4c430cfccf4681bf25b4b4cdc1dce725bfa9a43da10",
        "packaging": "zip"
      },
      "destinations": {
        "875490958810-us-east-2": {
          "bucketName": "cdk-hnb659fds-assets-875490958810-us-east-2",
          "objectKey": "a4184f7b8eb2fc2378b4e4c430cfccf4681bf25b4b4cdc1dce725bfa9a43da10.zip",
          "region": "us-east-2",
          "assumeRoleArn": "arn:${AWS::Partition}:iam::875490958810:role/cdk-hnb659fds-file-publishing-role-875490958810-us-east-2"
        }
      }
    },
    "03da4d0b3296af6a16e8be10779597cf71b2c5094c4dbf8fb5781894e5616eec": {
      "displayName": "ephemeralClusterPOC-qa-us-east-2 Template",
      "source": {
        "path": "ephemeralClusterPOC-qa-us-east-2.template.json",
        "packaging": "file"
      },
      "destinations": {
        "875490958810-us-east-2": {
          "bucketName": "cdk-hnb659fds-assets-875490958810-us-east-2",
          "objectKey": "03da4d0b3296af6a16e8be10779597cf71b2c5094c4dbf8fb5781894e5616eec.json",
          "region": "us-east-2",
          "assumeRoleArn": "arn:${AWS::Partition}:iam::875490958810:role/cdk-hnb659fds-file-publishing-role-875490958810-us-east-2"
        }
      }
    }
  },
  "dockerImages": {}
}