{
  "version": "44.0.0",
  "files": {
    "a4184f7b8eb2fc2378b4e4c430cfccf4681bf25b4b4cdc1dce725bfa9a43da10": {
      "displayName": "destroy-ephemeralClusterPOC-qa-us-east-1-Function/Code",
      "source": {
        "path": "asset.a4184f7b8eb2fc2378b4e4c430cfccf4681bf25b4b4cdc1dce725bfa9a43da10",
        "packaging": "zip"
      },
      "destinations": {
        "875490958810-us-east-1": {
          "bucketName": "cdk-hnb659fds-assets-875490958810-us-east-1",
          "objectKey": "a4184f7b8eb2fc2378b4e4c430cfccf4681bf25b4b4cdc1dce725bfa9a43da10.zip",
          "region": "us-east-1",
          "assumeRoleArn": "arn:${AWS::Partition}:iam::875490958810:role/cdk-hnb659fds-file-publishing-role-875490958810-us-east-1"
        }
      }
    },
    "5322ef9d2ead4eb491361f7ad389a972db6801135ce77918153c0aebc395a3dd": {
      "displayName": "ephemeralClusterPOC-qa-us-east-1 Template",
      "source": {
        "path": "ephemeralClusterPOC-qa-us-east-1.template.json",
        "packaging": "file"
      },
      "destinations": {
        "875490958810-us-east-1": {
          "bucketName": "cdk-hnb659fds-assets-875490958810-us-east-1",
          "objectKey": "5322ef9d2ead4eb491361f7ad389a972db6801135ce77918153c0aebc395a3dd.json",
          "region": "us-east-1",
          "assumeRoleArn": "arn:${AWS::Partition}:iam::875490958810:role/cdk-hnb659fds-file-publishing-role-875490958810-us-east-1"
        }
      }
    }
  },
  "dockerImages": {}
}