{
  "vpc-provider:account=875490958810:filter.vpc-id=vpc-0f388b90c18ada097:region=us-east-1:returnAsymmetricSubnets=true": {
    "vpcId": "vpc-0f388b90c18ada097",
    "vpcCidrBlock": "10.0.0.0/16",
    "ownerAccountId": "875490958810",
    "availabilityZones": [],
    "subnetGroups": [
      {
        "name": "Isolated",
        "type": "Isolated",
        "subnets": [
          {
            "subnetId": "subnet-004ccbbcf647850d6",
            "cidr": "10.0.128.0/20",
            "availabilityZone": "us-east-1a",
            "routeTableId": "rtb-0d54ebfc667ad5496"
          }
        ]
      },
      {
        "name": "Public",
        "type": "Public",
        "subnets": [
          {
            "subnetId": "subnet-0b5e70369a4601aa0",
            "cidr": "10.0.0.0/20",
            "availabilityZone": "us-east-1a",
            "routeTableId": "rtb-05f079a9641480c14"
          }
        ]
      }
    ]
  },
  "vpc-provider:account=875490958810:filter.vpc-id=vpc-0a9c30792eabca555:region=us-east-1:returnAsymmetricSubnets=true": {
    "vpcId": "vpc-0a9c30792eabca555",
    "vpcCidrBlock": "10.0.0.0/16",
    "ownerAccountId": "875490958810",
    "availabilityZones": [],
    "subnetGroups": [
      {
        "name": "Public",
        "type": "Public",
        "subnets": [
          {
            "subnetId": "subnet-05a9c40f6102903c8",
            "cidr": "10.0.0.0/20",
            "availabilityZone": "us-east-1a",
            "routeTableId": "rtb-0a1b7865c15493dfd"
          },
          {
            "subnetId": "subnet-0f65e8eca30c0d89c",
            "cidr": "10.0.16.0/20",
            "availabilityZone": "us-east-1b",
            "routeTableId": "rtb-0a1b7865c15493dfd"
          }
        ]
      },
      {
        "name": "Private",
        "type": "Private",
        "subnets": [
          {
            "subnetId": "subnet-01d299e6b46a646ae",
            "cidr": "10.0.128.0/20",
            "availabilityZone": "us-east-1a",
            "routeTableId": "rtb-0708f3e07b6024d26"
          },
          {
            "subnetId": "subnet-0d4af53fca379d7a0",
            "cidr": "10.0.144.0/20",
            "availabilityZone": "us-east-1b",
            "routeTableId": "rtb-03f619bec4d865d4e"
          }
        ]
      }
    ]
  },
  "vpc-provider:account=875490958810:filter.vpc-id=vpc-01370f1da6c0c2f8e:region=us-east-1:returnAsymmetricSubnets=true": {
    "vpcId": "vpc-01370f1da6c0c2f8e",
    "vpcCidrBlock": "10.0.0.0/16",
    "ownerAccountId": "875490958810",
    "availabilityZones": [],
    "subnetGroups": [
      {
        "name": "Private",
        "type": "Private",
        "subnets": [
          {
            "subnetId": "subnet-0cfccf9da9777ef6f",
            "cidr": "10.0.128.0/20",
            "availabilityZone": "us-east-1a",
            "routeTableId": "rtb-0503d90e8a075dc2e"
          },
          {
            "subnetId": "subnet-01e1b1077058518ce",
            "cidr": "10.0.144.0/20",
            "availabilityZone": "us-east-1b",
            "routeTableId": "rtb-00a92dead468435ad"
          }
        ]
      },
      {
        "name": "Isolated",
        "type": "Isolated",
        "subnets": [
          {
            "subnetId": "subnet-002fb4eee0069348f",
            "cidr": "10.0.0.0/20",
            "availabilityZone": "us-east-1a",
            "routeTableId": "rtb-057580907d9c035d3"
          },
          {
            "subnetId": "subnet-075726fdb50d7a075",
            "cidr": "10.0.16.0/20",
            "availabilityZone": "us-east-1b",
            "routeTableId": "rtb-057580907d9c035d3"
          }
        ]
      }
    ]
  },
  "vpc-provider:account=875490958810:filter.vpc-id=vpc-0cff35715edcd9b93:region=us-east-1:returnAsymmetricSubnets=true": {
    "vpcId": "vpc-0cff35715edcd9b93",
    "vpcCidrBlock": "10.0.0.0/16",
    "ownerAccountId": "875490958810",
    "availabilityZones": [],
    "subnetGroups": [
      {
        "name": "Isolated",
        "type": "Isolated",
        "subnets": [
          {
            "subnetId": "subnet-0c0685dd67c7b8500",
            "cidr": "10.0.128.0/20",
            "availabilityZone": "us-east-1a",
            "routeTableId": "rtb-017efac45eddcce32"
          },
          {
            "subnetId": "subnet-0888f4771004bd23f",
            "cidr": "10.0.144.0/20",
            "availabilityZone": "us-east-1b",
            "routeTableId": "rtb-08e4d2edf5d42b589"
          },
          {
            "subnetId": "subnet-0fc8c1f7c67a13c0d",
            "cidr": "10.0.160.0/20",
            "availabilityZone": "us-east-1c",
            "routeTableId": "rtb-0bebc93576833ee22"
          }
        ]
      }
    ]
  },
  "vpc-provider:account=875490958810:filter.vpc-id=vpc-0599cd21d3e7c1ab9:region=us-east-1:returnAsymmetricSubnets=true": {
    "vpcId": "vpc-0599cd21d3e7c1ab9",
    "vpcCidrBlock": "10.0.0.0/16",
    "ownerAccountId": "875490958810",
    "availabilityZones": [],
    "subnetGroups": [
      {
        "name": "Isolated",
        "type": "Isolated",
        "subnets": [
          {
            "subnetId": "subnet-0a6b335343a47a599",
            "cidr": "10.0.128.0/20",
            "availabilityZone": "us-east-1a",
            "routeTableId": "rtb-0410149caf1368a87"
          },
          {
            "subnetId": "subnet-00adb1562083db61a",
            "cidr": "10.0.144.0/20",
            "availabilityZone": "us-east-1b",
            "routeTableId": "rtb-0e325bd8c18376251"
          },
          {
            "subnetId": "subnet-049fc29cb9d6fb20c",
            "cidr": "10.0.160.0/20",
            "availabilityZone": "us-east-1c",
            "routeTableId": "rtb-08016a3c055d2f924"
          }
        ]
      }
    ]
  },
  "vpc-provider:account=875490958810:filter.vpc-id=vpc-0fe3d739279776168:region=us-east-1:returnAsymmetricSubnets=true": {
    "vpcId": "vpc-0fe3d739279776168",
    "vpcCidrBlock": "10.0.0.0/16",
    "ownerAccountId": "875490958810",
    "availabilityZones": [],
    "subnetGroups": [
      {
        "name": "Isolated",
        "type": "Isolated",
        "subnets": [
          {
            "subnetId": "subnet-0ef8da99df8963cbd",
            "cidr": "10.0.128.0/20",
            "availabilityZone": "us-east-1a",
            "routeTableId": "rtb-0674ddcbf4dd220ca"
          },
          {
            "subnetId": "subnet-0ebff7f659ceb5dbd",
            "cidr": "10.0.144.0/20",
            "availabilityZone": "us-east-1b",
            "routeTableId": "rtb-0e70b7ddf6b888ce9"
          },
          {
            "subnetId": "subnet-0a92347b038e186b8",
            "cidr": "10.0.160.0/20",
            "availabilityZone": "us-east-1c",
            "routeTableId": "rtb-095c23f3ee3c27a74"
          }
        ]
      }
    ]
  },
  "vpc-provider:account=875490958810:filter.vpc-id=vpc-06132965f78c0f7b0:region=us-east-2:returnAsymmetricSubnets=true": {
    "vpcId": "vpc-06132965f78c0f7b0",
    "vpcCidrBlock": "10.0.0.0/16",
    "ownerAccountId": "875490958810",
    "availabilityZones": [],
    "subnetGroups": [
      {
        "name": "Isolated",
        "type": "Isolated",
        "subnets": [
          {
            "subnetId": "subnet-0d967f0b9bcd4e9fd",
            "cidr": "10.0.128.0/20",
            "availabilityZone": "us-east-2a",
            "routeTableId": "rtb-0a2c1b9751841502d"
          },
          {
            "subnetId": "subnet-003ad5e0dddb23ea1",
            "cidr": "10.0.144.0/20",
            "availabilityZone": "us-east-2b",
            "routeTableId": "rtb-0ef75cf7fe62cc2e3"
          },
          {
            "subnetId": "subnet-05d477c4284b8adcd",
            "cidr": "10.0.160.0/20",
            "availabilityZone": "us-east-2c",
            "routeTableId": "rtb-0f08921afbddcf648"
          }
        ]
      }
    ]
  },
  "vpc-provider:account=875490958810:filter.vpc-id=vpc-0d61237da65ecf264:region=us-east-2:returnAsymmetricSubnets=true": {
    "vpcId": "vpc-0d61237da65ecf264",
    "vpcCidrBlock": "10.0.0.0/16",
    "ownerAccountId": "875490958810",
    "availabilityZones": [],
    "subnetGroups": [
      {
        "name": "Isolated",
        "type": "Isolated",
        "subnets": [
          {
            "subnetId": "subnet-020451d69d1deb2e5",
            "cidr": "10.0.128.0/20",
            "availabilityZone": "us-east-2a",
            "routeTableId": "rtb-0fabc18ca5b9a7e5f"
          },
          {
            "subnetId": "subnet-0083a988160d82053",
            "cidr": "10.0.144.0/20",
            "availabilityZone": "us-east-2b",
            "routeTableId": "rtb-01f32d4d5d7d2f06b"
          },
          {
            "subnetId": "subnet-0222aecbcb45c0807",
            "cidr": "10.0.160.0/20",
            "availabilityZone": "us-east-2c",
            "routeTableId": "rtb-0b845b7c8d599c1bb"
          }
        ]
      }
    ]
  }
}
